file,bytes,sha256
csi (1)一人/rx_2_260904_171616.csi,11317216,af244606f5bfdc1dee1588c57cd12147ad15f73de3dbbe1d4694510db7eb3b72
csi (1)一人/rx_2_260904_171741.csi,10243444,8c6011c6ca7c15081916756bfb07728d581208039631d786bf0c30c389aed6c1
csi (1)一人/rx_2_260904_171851.csi,10643978,64b42ca4b7cfa4167d8f874ae25d6514851f0e23021ef6dbff016ecfc91ef6dd
csi (1)一人/rx_2_260904_172026.csi,10541714,c8307ec79307e023ce8fc46088fbfea9b0a17ff2ba29cc5291064bf140a81c77
csi (1)一人/rx_2_260904_172141.csi,10720676,064d7138ea123848ee84ca419300e93fcbca9deec4369976f2756a5401bb1a0e
csi (1)一人/rx_2_260904_172323.csi,10695110,7bb768ab3d8e49ba530ce48e8f417231c007f829f8ef0cae1a72d3b3af5d61d9
csi (1)一人/rx_2_260904_172606.csi,10746242,6d0f408a39a3cfe4db7cb45a3b8f9377d75e83957306f289a831b53a9d82bb64
csi (1)一人/rx_2_260904_172903.csi,10482060,48c25fb3a26a2dda96564df4fb4cedda55ad7016878335708aa254fdc368d51d
csi (1)一人/rx_2_260904_173024.csi,11053034,5ad7b48d69ea8853211846474269236bd7644d86ed9cfc6ad8e8143cb0d1bb54
csi (1)一人/rx_2_260904_173157.csi,10592846,f6a0706b175c2c106ef5c4dc84506b022c633055c0066e1c4b062932bdfdb57a
csi (1)一人/rx_2_260904_173731.csi,10626934,8be3892cf579831a7fa17f45296f21bee8d77dcd5a42985c096150b6c4776536
csi (1)一人/rx_2_260904_173926.csi,11283128,21fb6ec81b19cc2f2602364a0b7e1db509a01321bf5d09713485468a90e0248b
csi(2)二人+无人/rx_2_260904_174639.csi,10090048,0d2e21c47ade8953840b21ebee8b0e98d7785a74c52a33843d077401c5a95e3e
csi(2)二人+无人/rx_2_260904_174752.csi,10567280,971915860bb7484d9f8bee9ab411b8e2072dea45d176170ad48628a0010e23c6
csi(2)二人+无人/rx_2_260904_174948.csi,10422406,d6af09cd51e7fdeec0c2ca2770dda83c5494a1f41c7a84f972236204870b76ba
csi(2)二人+无人/rx_2_260904_175150.csi,10337186,bb2c540c95f8c6090c34fde03738d6a318169a61f2aece81e49606cd8d69ec3c
csi(2)二人+无人/rx_2_260904_175311.csi,10839984,6b4b73b0465695e50eae075bdbe599a66e2e34c39743c2bd0c87eb3a123f9dcd
csi(2)二人+无人/rx_2_260904_175541.csi,10567280,72d9fe35d0f0692d6f3c6e811ba58b7dcc7ea4d4666e19862598f760435277a2
csi(2)二人+无人/rx_2_260904_175811.csi,10950770,4a26a7c92746ce3b08a33ea25d1364ad5c126f9b3f989810cfafcfa10b24f3bb
csi(2)二人+无人/rx_2_260904_180000.csi,10209356,ae5916dec264be37ebdb19565574e5c14ba608e4df8f88ba5b7eeede315b841f
csi(2)二人+无人/rx_2_260904_180112.csi,10362752,cd1b47202499443c9a4374b6b33d44bfd80379f584d27573fe3a67146ec4078f
csi(2)二人+无人/rx_2_260904_180258.csi,11956366,76b33dd33d76675c17e7abed957b0d12274f9a66fb29b47f08fc5ee58e5475be
csi(2)二人+无人/rx_2_260904_180803.csi,14410702,be5dafdd1cd17c130a06691323df3e77d49f17bb2fcbc895cc48cc9915fa8ddb
csi(2)二人+无人/rx_2_260904_180942.csi,22199810,27c6032351d47d9e472f8ab99240b169cca577bfabcf66929da06c45d2a49e43
rx_2_260904_154612.csi,19472770,0b719f18671f16fa9fa4ba8f2ad1f81b71f8d6c5333fa47aa95509f0706b7344
rx_2_260904_155654.csi,59875419,9014fa310abf72f24764d4776b6f4605d19d2cf5fb832d8e2cefe5384a626a24
rx_2_260904_160007.csi,7962411,7b37a6dd02a024063e2e646132eea51995ac65af767b8451927588ce4d15f147
rx_2_260904_162630.csi,9044432,adb05aa33db9b4f53f3909d4c94c62141f8539b6e3f161c47d3d9891921e9a9a
rx_2_260904_174514.csi,5437036,cc274746d8ae31f3abd893760f5bf68fb6c6b53be347085ffd815a55ba199d4e
